shot_id,ball_thru_hoop
make1_frame0.jpg,0
make1_frame1.jpg,0
make1_frame2.jpg,0
make1_frame3.jpg,0
make1_frame4.jpg,0
make1_frame5.jpg,0
make1_frame6.jpg,0
make1_frame7.jpg,0
make1_frame8.jpg,0
make1_frame9.jpg,0
make1_frame10.jpg,0
make1_frame11.jpg,0
make1_frame12.jpg,0
make1_frame13.jpg,0
make1_frame14.jpg,0
make1_frame15.jpg,0
make1_frame16.jpg,0
make1_frame17.jpg,0
make1_frame18.jpg,0
make1_frame19.jpg,1
make1_frame20.jpg,1
make1_frame21.jpg,1
make1_frame22.jpg,1
make1_frame23.jpg,1
make1_frame24.jpg,1
make1_frame25.jpg,1
make1_frame26.jpg,1
make1_frame27.jpg,1
make1_frame28.jpg,1
make1_frame29.jpg,1
make2_frame0.jpg,0
make2_frame1.jpg,0
make2_frame2.jpg,0
make2_frame3.jpg,0
make2_frame4.jpg,0
make2_frame5.jpg,0
make2_frame6.jpg,0
make2_frame7.jpg,0
make2_frame8.jpg,0
make2_frame9.jpg,0
make2_frame10.jpg,0
make2_frame11.jpg,0
make2_frame12.jpg,0
make2_frame13.jpg,0
make2_frame14.jpg,0
make2_frame15.jpg,0
make2_frame16.jpg,0
make2_frame17.jpg,0
make2_frame18.jpg,0
make2_frame19.jpg,0
make2_frame20.jpg,0
make2_frame21.jpg,0
make2_frame22.jpg,0
make2_frame23.jpg,0
make2_frame24.jpg,0
make2_frame25.jpg,0
make2_frame26.jpg,0
make2_frame27.jpg,0
make2_frame28.jpg,1
make2_frame29.jpg,1
make2_frame30.jpg,1
make2_frame31.jpg,1
make2_frame32.jpg,1
make2_frame33.jpg,1
make2_frame34.jpg,1
make3_frame0.jpg,0
make3_frame1.jpg,0
make3_frame2.jpg,0
make3_frame3.jpg,0
make3_frame4.jpg,0
make3_frame5.jpg,0
make3_frame6.jpg,0
make3_frame7.jpg,0
make3_frame8.jpg,0
make3_frame9.jpg,0
make3_frame10.jpg,0
make3_frame11.jpg,0
make3_frame12.jpg,0
make3_frame13.jpg,0
make3_frame14.jpg,1
make3_frame15.jpg,1
make3_frame16.jpg,1
make3_frame17.jpg,1
make3_frame18.jpg,1
make3_frame19.jpg,1
make3_frame20.jpg,1
make3_frame21.jpg,1
make3_frame22.jpg,1
make3_frame23.jpg,1
make3_frame24.jpg,1
make3_frame25.jpg,1
make3_frame26.jpg,1
make3_frame27.jpg,1
make3_frame28.jpg,1
make3_frame29.jpg,1
make4_frame0.jpg,0
make4_frame1.jpg,0
make4_frame2.jpg,0
make4_frame3.jpg,0
make4_frame4.jpg,0
make4_frame5.jpg,0
make4_frame6.jpg,0
make4_frame7.jpg,0
make4_frame8.jpg,0
make4_frame9.jpg,0
make4_frame10.jpg,0
make4_frame11.jpg,0
make4_frame12.jpg,0
make4_frame13.jpg,0
make4_frame14.jpg,0
make4_frame15.jpg,1
make4_frame16.jpg,1
make4_frame17.jpg,1
make4_frame18.jpg,1
make4_frame19.jpg,1
make4_frame20.jpg,1
make4_frame21.jpg,1
make4_frame22.jpg,1
make4_frame23.jpg,1
make4_frame24.jpg,1
make4_frame25.jpg,1
make4_frame26.jpg,1
make4_frame27.jpg,1
make4_frame28.jpg,1
make4_frame29.jpg,1
make5_frame0.jpg,0
make5_frame1.jpg,0
make5_frame2.jpg,0
make5_frame3.jpg,0
make5_frame4.jpg,0
make5_frame5.jpg,0
make5_frame6.jpg,0
make5_frame7jpg,0
make5_frame8.jpg,0
make5_frame9.jpg,0
make5_frame10.jpg,0
make5_frame11.jpg,0
make5_frame12.jpg,0
make5_frame13.jpg,0
make5_frame14.jpg,0
make5_frame15.jpg,0
make5_frame16.jpg,0
make5_frame17.jpg,0
make5_frame18.jpg,0
make5_frame19.jpg,0
make5_frame20.jpg,0
make5_frame21.jpg,1
make5_frame22.jpg,1
make5_frame23.jpg,1
make5_frame24.jpg,1
make5_frame25.jpg,1
make5_frame26.jpg,1
make5_frame27.jpg,1
make5_frame28.jpg,1
make5_frame29.jpg,1
make6_frame0.jpg,0
make6_frame1.jpg,0
make6_frame2.jpg,0
make6_frame3.jpg,0
make6_frame4.jpg,0
make6_frame5.jpg,0
make6_frame6.jpg,0
make6_frame7.jpg,0
make6_frame8.jpg,0
make6_frame9.jpg,0
make6_frame10.jpg,0
make6_frame11.jpg,0
make6_frame12.jpg,0
make6_frame13.jpg,0
make6_frame14.jpg,0
make6_frame15.jpg,0
make6_frame16.jpg,1
make6_frame17.jpg,1
make6_frame18.jpg,1
make6_frame19.jpg,1
make6_frame20.jpg,1
make6_frame21.jpg,1
make6_frame22.jpg,1
make6_frame23.jpg,1
make6_frame24.jpg,1
make6_frame25.jpg,1
make6_frame26.jpg,1
make6_frame27.jpg,1
make6_frame28.jpg,1
make6_frame29.jpg,1
make7_frame0.jpg,0
make7_frame1.jpg,0
make7_frame2.jpg,0
make7_frame3.jpg,0
make7_frame4.jpg,0
make7_frame5.jpg,0
make7_frame6.jpg,0
make7_frame7.jpg,0
make7_frame8.jpg,0
make7_frame9.jpg,0
make7_frame10.jpg,0
make7_frame11.jpg,0
make7_frame12.jpg,0
make7_frame13.jpg,0
make7_frame14.jpg,0
make7_frame15.jpg,0
make7_frame16.jpg,1
make7_frame17.jpg,1
make7_frame18.jpg,1
make7_frame19.jpg,1
make7_frame20.jpg,1
make7_frame21.jpg,1
make7_frame22.jpg,1
make7_frame23.jpg,1
make7_frame24.jpg,1
make7_frame25.jpg,1
make7_frame26.jpg,1
make7_frame27.jpg,1
make7_frame28.jpg,1
make7_frame29.jpg,1
make8_frame0.jpg,0
make8_frame1.jpg,0
make8_frame2.jpg,0
make8_frame3.jpg,0
make8_frame4.jpg,0
make8_frame5.jpg,0
make8_frame6.jpg,0
make8_frame7.jpg,0
make8_frame8.jpg,0
make8_frame9.jpg,0
make8_frame10.jpg,0
make8_frame11.jpg,0
make8_frame12.jpg,0
make8_frame13.jpg,0
make8_frame14.jpg,1
make8_frame15.jpg,1
make8_frame16.jpg,1
make8_frame17.jpg,1
make8_frame18.jpg,1
make8_frame19.jpg,1
make8_frame20.jpg,1
make8_frame21.jpg,1
make8_frame22.jpg,1
make8_frame23.jpg,1
make8_frame24.jpg,1
make8_frame25.jpg,1
make8_frame26.jpg,1
make8_frame27.jpg,1
make8_frame28.jpg,1
make8_frame29.jpg,1
make9_frame0.jpg,0
make9_frame1.jpg,0
make9_frame2.jpg,0
make9_frame3.jpg,0
make9_frame4.jpg,0
make9_frame5.jpg,0
make9_frame6.jpg,0
make9_frame7.jpg,0
make9_frame8.jpg,0
make9_frame9.jpg,0
make9_frame10.jpg,0
make9_frame11.jpg,0
make9_frame12.jpg,0
make9_frame13.jpg,0
make9_frame14.jpg,0
make9_frame15.jpg,0
make9_frame16.jpg,0
make9_frame17.jpg,0
make9_frame18.jpg,1
make9_frame19.jpg,1
make9_frame20.jpg,1
make9_frame21.jpg,1
make9_frame22.jpg,1
make9_frame23.jpg,1
make9_frame24.jpg,1
make9_frame25.jpg,1
make9_frame26.jpg,1
make9_frame27.jpg,1
make9_frame28.jpg,1
make9_frame29.jpg,1
make10_frame0.jpg,0
make10_frame1.jpg,0
make10_frame2.jpg,0
make10_frame3.jpg,0
make10_frame4.jpg,0
make10_frame5.jpg,0
make10_frame6.jpg,0
make10_frame7.jpg,0
make10_frame8.jpg,0
make10_frame9.jpg,0
make10_frame10.jpg,0
make10_frame11.jpg,0
make10_frame12.jpg,0
make10_frame13.jpg,0
make10_frame14.jpg,0
make10_frame15.jpg,0
make10_frame16.jpg,0
make10_frame17.jpg,0
make10_frame18.jpg,1
make10_frame19.jpg,1
make10_frame20.jpg,1
make10_frame21.jpg,1
make10_frame22.jpg,1
make10_frame23.jpg,1
make10_frame24.jpg,1
make10_frame25.jpg,1
make10_frame26.jpg,1
make10_frame27.jpg,1
make10_frame28.jpg,1
make10_frame29.jpg,1
make11_frame0.jpg,0
make11_frame1.jpg,0
make11_frame2.jpg,0
make11_frame3.jpg,0
make11_frame4.jpg,0
make11_frame5.jpg,0
make11_frame6.jpg,0
make11_frame7.jpg,0
make11_frame8.jpg,0
make11_frame9.jpg,0
make11_frame10.jpg,0
make11_frame11.jpg,1
make11_frame12.jpg,1
make11_frame13.jpg,1
make11_frame14.jpg,1
make11_frame15.jpg,1
make11_frame16.jpg,1
make11_frame17.jpg,1
make11_frame18.jpg,1
make11_frame19.jpg,1
make11_frame20.jpg,1
make11_frame21.jpg,1
make11_frame22.jpg,1
make11_frame23.jpg,1
make11_frame24.jpg,1
make11_frame25.jpg,1
make11_frame26.jpg,1
make11_frame27.jpg,1
make11_frame28.jpg,1
make11_frame29.jpg,1
make12_frame0.jpg,0
make12_frame1.jpg,0
make12_frame2.jpg,0
make12_frame3.jpg,0
make12_frame4.jpg,0
make12_frame5.jpg,0
make12_frame6.jpg,0
make12_frame7.jpg,0
make12_frame8.jpg,0
make12_frame9.jpg,0
make12_frame10.jpg,0
make12_frame11.jpg,0
make12_frame12.jpg,1
make12_frame13.jpg,1
make12_frame14.jpg,1
make12_frame15.jpg,1
make12_frame16.jpg,1
make12_frame17.jpg,1
make12_frame18.jpg,1
make12_frame19.jpg,1
make12_frame20.jpg,1
make12_frame21.jpg,1
make12_frame22.jpg,1
make12_frame23.jpg,1
make12_frame24.jpg,1
make12_frame25.jpg,1
make12_frame26.jpg,1
make12_frame27.jpg,1
make12_frame28.jpg,1
make12_frame29.jpg,1
make13_frame0.jpg,0
make13_frame1.jpg,0
make13_frame2.jpg,0
make13_frame3.jpg,0
make13_frame4.jpg,0
make13_frame5.jpg,0
make13_frame6.jpg,0
make13_frame7.jpg,0
make13_frame8.jpg,0
make13_frame9.jpg,0
make13_frame10.jpg,0
make13_frame11.jpg,0
make13_frame12.jpg,1
make13_frame13.jpg,1
make13_frame14.jpg,1
make13_frame15.jpg,1
make13_frame16.jpg,1
make13_frame17.jpg,1
make13_frame18.jpg,1
make13_frame19.jpg,1
make13_frame20.jpg,1
make13_frame21.jpg,1
make13_frame22.jpg,1
make13_frame23.jpg,1
make13_frame24.jpg,1
make13_frame25.jpg,1
make13_frame26.jpg,1
make13_frame27.jpg,1
make13_frame28.jpg,1
make13_frame29.jpg,1
miss1_frame0.jpg,0
miss1_frame1.jpg,0
miss1_frame2.jpg,0
miss1_frame3.jpg,0
miss1_frame4.jpg,0
miss1_frame5.jpg,0
miss1_frame6.jpg,0
miss1_frame7.jpg,0
miss1_frame8.jpg,0
miss1_frame9.jpg,0
miss1_frame10.jpg,0
miss1_frame11.jpg,0
miss1_frame12.jpg,0
miss1_frame13.jpg,0
miss1_frame14.jpg,0
miss1_frame15.jpg,0
miss1_frame16.jpg,0
miss1_frame17.jpg,0
miss1_frame18.jpg,0
miss1_frame19.jpg,0
miss1_frame20.jpg,0
miss1_frame21.jpg,0
miss1_frame22.jpg,0
miss1_frame23.jpg,0
miss1_frame24.jpg,0
miss1_frame25.jpg,0
miss1_frame26.jpg,0
miss1_frame27.jpg,0
miss1_frame28.jpg,0
miss1_frame29.jpg,0
miss1_frame30.jpg,0
miss1_frame31.jpg,0
miss1_frame32.jpg,0
miss1_frame33.jpg,0
miss1_frame34.jpg,0
miss1_frame35.jpg,0
miss1_frame36.jpg,0
miss1_frame37.jpg,0
miss1_frame38.jpg,0
miss1_frame39.jpg,0
miss1_frame40.jpg,0
miss1_frame41.jpg,0
miss1_frame42.jpg,0
miss1_frame43.jpg,0
miss1_frame44.jpg,0
miss1_frame45.jpg,0
miss1_frame46.jpg,0
miss1_frame47.jpg,0
miss1_frame48.jpg,0
miss1_frame49.jpg,0
miss1_frame50.jpg,0
miss1_frame51.jpg,0
miss1_frame52.jpg,0
miss1_frame53.jpg,0
miss1_frame54.jpg,0
miss1_frame55.jpg,0
miss1_frame56.jpg,0
miss1_frame57.jpg,0
miss1_frame58.jpg,0
miss1_frame59.jpg,0
miss1_frame60.jpg,0
miss1_frame61.jpg,0
miss1_frame62.jpg,0
miss1_frame63.jpg,0
miss1_frame64.jpg,0
miss1_frame64.jpg,0
miss1_frame66.jpg,0
miss1_frame67.jpg,0
miss1_frame68.jpg,0
miss1_frame69.jpg,0
miss1_frame70.jpg,0
miss1_frame71.jpg,0
miss1_frame72.jpg,0
miss1_frame73.jpg,0
miss2_frame0.jpg,0
miss2_frame1.jpg,0
miss2_frame2.jpg,0
miss2_frame3.jpg,0
miss2_frame4.jpg,0
miss2_frame5.jpg,0
miss2_frame6.jpg,0
miss2_frame7.jpg,0
miss2_frame8.jpg,0
miss2_frame9.jpg,0
miss2_frame10.jpg,0
miss2_frame11.jpg,0
miss2_frame12.jpg,0
miss2_frame13.jpg,0
miss2_frame14.jpg,0
miss2_frame15.jpg,0
miss2_frame16.jpg,0
miss2_frame17.jpg,0
miss2_frame18.jpg,0
miss2_frame19.jpg,0
miss2_frame20.jpg,0
miss2_frame21.jpg,0
miss2_frame22.jpg,0
miss2_frame23.jpg,0
miss2_frame24.jpg,0
miss2_frame25.jpg,0
miss2_frame26.jpg,0
miss2_frame27.jpg,0
miss2_frame28.jpg,0
miss2_frame29.jpg,0
miss2_frame30.jpg,0
miss2_frame31.jpg,0
miss2_frame32.jpg,0
miss2_frame33.jpg,0
miss2_frame34.jpg,0
miss2_frame35.jpg,0
miss2_frame36.jpg,0
miss2_frame37.jpg,0
miss2_frame38.jpg,0
miss2_frame39.jpg,0
miss2_frame40.jpg,0
miss2_frame41.jpg,0
miss2_frame42.jpg,0
miss2_frame43.jpg,0
miss2_frame44.jpg,0
miss2_frame45.jpg,0
miss2_frame46.jpg,0
miss2_frame47.jpg,0
miss2_frame48.jpg,0
miss2_frame49.jpg,0
miss2_frame50.jpg,0
miss3_frame0.jpg,0
miss3_frame1.jpg,0
miss3_frame2.jpg,0
miss3_frame3.jpg,0
miss3_frame4.jpg,0
miss3_frame5.jpg,0
miss3_frame6.jpg,0
miss3_frame7.jpg,0
miss3_frame8.jpg,0
miss3_frame9.jpg,0
miss3_frame10.jpg,0
miss3_frame11.jpg,0
miss3_frame12.jpg,0
miss3_frame13.jpg,0
miss3_frame14.jpg,0
miss3_frame15.jpg,0
miss3_frame16.jpg,0
miss3_frame17.jpg,0
miss3_frame18.jpg,0
miss3_frame19.jpg,0
miss3_frame20.jpg,0
miss3_frame21.jpg,0
miss3_frame22.jpg,0
miss3_frame23.jpg,0
miss3_frame24.jpg,0
miss3_frame25.jpg,0
miss3_frame26.jpg,0
miss3_frame27.jpg,0
miss3_frame28.jpg,0
miss3_frame29.jpg,0
miss3_frame30.jpg,0
miss3_frame31.jpg,0
miss3_frame32.jpg,0
miss3_frame33.jpg,0
miss3_frame34.jpg,0
miss3_frame35.jpg,0
miss3_frame36.jpg,0
miss3_frame37.jpg,0
miss3_frame38.jpg,0
miss3_frame39.jpg,0
miss4_frame0.jpg,0
miss4_frame1.jpg,0
miss4_frame2.jpg,0
miss4_frame3.jpg,0
miss4_frame4.jpg,0
miss4_frame5.jpg,0
miss4_frame6.jpg,0
miss4_frame7.jpg,0
miss4_frame8.jpg,0
miss4_frame9.jpg,0
miss4_frame10.jpg,0
miss4_frame11.jpg,0
miss4_frame12.jpg,0
miss4_frame13.jpg,0
miss4_frame14.jpg,0
miss4_frame15.jpg,0
miss4_frame16.jpg,0
miss4_frame17.jpg,0
miss4_frame18.jpg,0
miss4_frame19.jpg,0
miss4_frame20.jpg,0
miss4_frame21.jpg,0
miss4_frame22.jpg,0
miss4_frame23.jpg,0
miss4_frame24.jpg,0
miss4_frame25.jpg,0
miss4_frame26.jpg,0
miss4_frame27.jpg,0
miss4_frame28.jpg,0
miss4_frame29.jpg,0
miss4_frame30.jpg,0
miss4_frame31.jpg,0
miss4_frame32.jpg,0
miss4_frame33.jpg,0
miss4_frame34.jpg,0
miss4_frame35.jpg,0
miss4_frame36.jpg,0
miss4_frame37.jpg,0
miss4_frame38.jpg,0
miss4_frame39.jpg,0
miss5_frame0.jpg,0
miss5_frame1.jpg,0
miss5_frame2.jpg,0
miss5_frame3.jpg,0
miss5_frame4.jpg,0
miss5_frame5.jpg,0
miss5_frame6.jpg,0
miss5_frame7.jpg,0
miss5_frame8.jpg,0
miss5_frame9.jpg,0
miss5_frame10.jpg,0
miss5_frame11.jpg,0
miss5_frame12.jpg,0
miss5_frame13.jpg,0
miss5_frame14.jpg,0
miss5_frame15.jpg,0
miss5_frame16.jpg,0
miss5_frame17.jpg,0
miss5_frame18.jpg,0
miss5_frame19.jpg,0
miss5_frame20.jpg,0
miss5_frame21.jpg,0
miss5_frame22.jpg,0
miss5_frame23.jpg,0
miss5_frame24.jpg,0
miss5_frame25.jpg,0
miss5_frame26.jpg,0
miss5_frame27.jpg,0
miss5_frame28.jpg,0
miss5_frame29.jpg,0
miss5_frame30.jpg,0
miss5_frame31.jpg,0
miss5_frame32.jpg,0
miss5_frame33.jpg,0
miss5_frame34.jpg,0
miss5_frame35.jpg,0
miss5_frame36.jpg,0
miss5_frame37.jpg,0
miss5_frame38.jpg,0
miss5_frame39.jpg,0
miss5_frame40.jpg,0
miss5_frame41.jpg,0
miss5_frame42.jpg,0
miss6_frame0.jpg,0
miss6_frame1.jpg,0
miss6_frame2.jpg,0
miss6_frame3.jpg,0
miss6_frame4.jpg,0
miss6_frame5.jpg,0
miss6_frame6.jpg,0
miss6_frame7.jpg,0
miss6_frame8.jpg,0
miss6_frame9.jpg,0
miss6_frame10.jpg,0
miss6_frame11.jpg,0
miss6_frame12.jpg,0
miss6_frame13.jpg,0
miss6_frame14.jpg,0
miss6_frame15.jpg,0
miss6_frame16.jpg,0
miss6_frame17.jpg,0
miss6_frame18.jpg,0
miss6_frame19.jpg,0
miss6_frame20.jpg,0
miss6_frame21.jpg,0
miss6_frame22.jpg,0
miss6_frame23.jpg,0
miss6_frame24.jpg,0
miss6_frame25.jpg,0
miss6_frame26.jpg,0
miss6_frame27.jpg,0
miss6_frame28.jpg,0
miss6_frame29.jpg,0
miss6_frame30.jpg,0
miss6_frame31.jpg,0
miss6_frame32.jpg,0
miss6_frame33.jpg,0
miss6_frame34.jpg,0
miss6_frame35.jpg,0
miss7_frame0.jpg,0
miss7_frame1.jpg,0
miss7_frame2.jpg,0
miss7_frame3.jpg,0
miss7_frame4.jpg,0
miss7_frame5.jpg,0
miss7_frame6.jpg,0
miss7_frame7.jpg,0
miss7_frame8.jpg,0
miss7_frame9.jpg,0
miss7_frame10.jpg,0
miss7_frame11.jpg,0
miss7_frame12.jpg,0
miss7_frame13.jpg,0
miss7_frame14.jpg,0
miss7_frame15.jpg,0
miss7_frame16.jpg,0
miss7_frame17.jpg,0
miss7_frame18.jpg,0
miss7_frame19.jpg,0
miss7_frame20.jpg,0
miss7_frame21.jpg,0
miss7_frame22.jpg,0
miss7_frame23.jpg,0
miss7_frame24.jpg,0
miss7_frame25.jpg,0
miss7_frame26.jpg,0
miss7_frame27.jpg,0
miss7_frame28.jpg,0
miss7_frame29.jpg,0
miss7_frame30.jpg,0
miss7_frame31.jpg,0
miss7_frame32.jpg,0
miss7_frame33.jpg,0
miss7_frame34.jpg,0
miss7_frame35.jpg,0
miss7_frame36.jpg,0
miss7_frame37.jpg,0
miss7_frame38.jpg,0
miss7_frame39.jpg,0
miss7_frame40.jpg,0
miss7_frame41.jpg,0
miss7_frame42.jpg,0
miss7_frame43.jpg,0
miss8_frame0.jpg,0
miss8_frame1.jpg,0
miss8_frame2.jpg,0
miss8_frame3.jpg,0
miss8_frame4.jpg,0
miss8_frame5.jpg,0
miss8_frame6.jpg,0
miss8_frame7.jpg,0
miss8_frame8.jpg,0
miss8_frame9.jpg,0
miss8_frame10.jpg,0
miss8_frame11.jpg,0
miss8_frame12.jpg,0
miss8_frame13.jpg,0
miss8_frame14.jpg,0
miss8_frame15.jpg,0
miss8_frame16.jpg,0
miss8_frame17.jpg,0
miss8_frame18.jpg,0
miss8_frame19.jpg,0
miss8_frame20.jpg,0
miss8_frame21.jpg,0
miss8_frame22.jpg,0
miss8_frame23.jpg,0
miss8_frame24.jpg,0
miss8_frame25.jpg,0
miss8_frame26.jpg,0
miss8_frame27.jpg,0
miss8_frame28.jpg,0
miss8_frame29.jpg,0
miss8_frame30.jpg,0
miss8_frame31.jpg,0
miss8_frame32.jpg,0
miss8_frame33.jpg,0
miss8_frame34.jpg,0
miss8_frame35.jpg,0
miss8_frame36.jpg,0
miss8_frame37.jpg,0
miss8_frame38.jpg,0
miss8_frame39.jpg,0
miss8_frame40.jpg,0
miss8_frame41.jpg,0
miss8_frame42.jpg,0
miss8_frame43.jpg,0
miss8_frame44.jpg,0
miss8_frame45.jpg,0
miss9_frame0.jpg,0
miss9_frame1.jpg,0
miss9_frame2.jpg,0
miss9_frame3.jpg,0
miss9_frame4.jpg,0
miss9_frame5.jpg,0
miss9_frame6.jpg,0
miss9_frame7.jpg,0
miss9_frame8.jpg,0
miss9_frame9.jpg,0
miss9_frame10.jpg,0
miss9_frame11.jpg,0
miss9_frame12.jpg,0
miss9_frame13.jpg,0
miss9_frame14.jpg,0
miss9_frame15.jpg,0
miss9_frame16.jpg,0
miss9_frame17.jpg,0
miss9_frame18.jpg,0
miss9_frame19.jpg,0
miss9_frame20.jpg,0
miss9_frame21.jpg,0
miss9_frame22.jpg,0
miss9_frame23.jpg,0
miss9_frame24.jpg,0
miss9_frame25.jpg,0
miss9_frame26.jpg,0
miss9_frame27.jpg,0
miss9_frame28.jpg,0
miss9_frame29.jpg,0
miss9_frame30.jpg,0
miss9_frame31.jpg,0
miss9_frame32.jpg,0
miss9_frame33.jpg,0
miss9_frame34.jpg,0
miss9_frame35.jpg,0
miss9_frame36.jpg,0
miss9_frame37.jpg,0
miss9_frame38.jpg,0
miss9_frame39.jpg,0
miss9_frame40.jpg,0
miss9_frame41.jpg,0
miss9_frame42.jpg,0
miss9_frame43.jpg,0
miss9_frame44.jpg,0
miss9_frame45.jpg,0
miss9_frame46.jpg,0
miss9_frame47.jpg,0
miss9_frame48.jpg,0
miss9_frame49.jpg,0
miss9_frame50.jpg,0
